{"data":{"2":{"count": 49, "ctas1": 40.848888888888894, "ctas2": 94.81111111111109, "ctas3": 102.3711111111111},
"3":{"count": 14, "ctas1": 14.239999999999998, "ctas2": 37.12166666666667, "ctas3": 42.11555555555556},
"5":{"count": 14, "ctas1": 13.34, "ctas2": 34.696666666666665, "ctas3": 43.41222222222222},
"6":{"count": 42, "ctas1": 44.39888888888889, "ctas2": 142.58722222222227, "ctas3": 179.69333333333333},
"7":{"count": 42, "ctas1": 46.260000000000005, "ctas2": 140.2144444444444, "ctas3": 185.23611111111114},
"8":{"count": 7, "ctas1": 6.890000000000001, "ctas2": 26.77722222222222, "ctas3": 34.26611111111111}}}
